wavelength,flux
24.083400694694674,0.1278709913194213
24.314697058866077,0.0530835823418513
24.104410954463063,0.1278709913194213
