wavelength,flux
22.245960446451324,
24.10140918170723,0.1278709913194213
